Lead Number,Lead Origin,Lead Source,Do Not Email,Do Not Call,Converted,TotalVisits,Total Time Spent on Website,Page Views Per Visit,Last Activity,Country,Specialization,What is your current occupation,Lead Quality,Lead Profile,City,Last Notable Activity
660737,API,Olark Chat,No,No,0,0,0,0,Page Visited on Website,,Select,Unemployed,Low in Relevance,Select,Select,Modified
660728,API,Organic Search,No,No,0,5,674,2.5,Email Opened,India,Select,Unemployed,,Select,Select,Email Opened
660727,Landing Page Submission,Direct Traffic,No,No,1,2,1532,2,Email Opened,India,Business Administration,Student,Might be,Potential Lead,Mumbai,Email Opened
660719,Landing Page Submission,Direct Traffic,No,No,0,1,305,1,Unreachable,India,Media and Advertising,Unemployed,Not Sure,Select,Mumbai,Modified
660681,Landing Page Submission,Google,No,No,1,2,1428,1,Converted to Lead,India,Select,Unemployed,Might be,Select,Mumbai,Modified
660680,API,Olark Chat,No,No,0,0,0,0,Olark Chat Conversation,,,,,,,Modified
660673,Landing Page Submission,Google,No,No,1,2,1640,2,Email Opened,India,Supply Chain Management,Unemployed,Low in Relevance,Potential Lead,Mumbai,Modified
660664,API,Olark Chat,No,No,0,0,0,0,Olark Chat Conversation,,,,,,,Modified
660624,Landing Page Submission,Direct Traffic,No,No,0,2,71,2,Email Opened,India,IT Projects Management,,,,Thane & Outskirts,Email Opened
660616,API,Google,No,No,0,4,58,4,Email Opened,India,Finance Management,,,,Mumbai,Email Opened
660608,Landing Page Submission,Organic Search,No,No,1,8,1351,8,Email Opened,India,Travel and Tourism,Unemployed,Might be,Select,Other Metro Cities,Email Opened
660570,Landing Page Submission,Direct Traffic,No,No,1,8,1343,2.67,Page Visited on Website,India,Human Resource Management,Unemployed,,Select,Thane & Outskirts,Page Visited on Website
660562,API,Organic Search,No,No,1,11,1538,11,Email Opened,India,Marketing Management,Unemployed,Might be,Potential Lead,Select,Modified
660558,Landing Page Submission,Organic Search,No,No,0,5,170,5,Email Opened,India,Business Administration,Unemployed,,Select,Thane & Outskirts,Email Opened
660553,Landing Page Submission,Direct Traffic,Yes,No,0,1,481,1,Email Bounced,Russia,Business Administration,Unemployed,,Select,Select,Email Bounced
660547,API,Organic Search,No,No,1,6,1012,6,Email Opened,India,Select,Unemployed,Might be,Select,Select,Email Opened
660540,API,Olark Chat,No,No,0,0,0,0,Olark Chat Conversation,,,,,,,Modified
660534,API,Referral Sites,No,No,0,6,973,6,Email Link Clicked,India,Select,Unemployed,Might be,Select,Select,Modified
660522,Landing Page Submission,Google,No,No,1,6,1688,3,Page Visited on Website,India,Marketing Management,Unemployed,,Select,Mumbai,Page Visited on Website
660509,API,Organic Search,No,No,0,3,98,3,Page Visited on Website,India,Select,Unemployed,Worst,Select,Select,Modified
660479,Landing Page Submission,Google,No,No,0,1,233,1,Unreachable,India,Media and Advertising,Unemployed,Not Sure,Select,Mumbai,Modified
660478,API,Google,No,No,0,4,377,1.33,Page Visited on Website,India,Select,Unemployed,Worst,Potential Lead,Select,Modified
660471,Landing Page Submission,Google,No,No,1,1,1013,1,Converted to Lead,India,"Banking, Investment And Insurance",Unemployed,Low in Relevance,Potential Lead,Mumbai,Modified
660461,Landing Page Submission,Google,No,No,0,4,771,4,Email Link Clicked,India,Finance Management,Unemployed,Not Sure,Select,Mumbai,Email Link Clicked
660458,API,Google,No,No,1,6,1137,1.5,Email Opened,India,Marketing Management,Unemployed,High in Relevance,Potential Lead,Mumbai,Email Opened
660447,Landing Page Submission,Google,No,No,1,3,1068,3,Form Submitted on Website,India,Travel and Tourism,Unemployed,Not Sure,Select,Mumbai,Modified
660432,Landing Page Submission,Organic Search,No,No,1,4,1000,2,Email Opened,India,Finance Management,Unemployed,Low in Relevance,Potential Lead,Other Cities,Email Opened
660424,Landing Page Submission,Google,No,No,1,6,1315,6,Email Opened,India,Media and Advertising,Unemployed,High in Relevance,Potential Lead,Mumbai,Email Opened
660423,Landing Page Submission,Direct Traffic,No,No,0,5,182,5,Email Opened,India,Select,Student,,Select,Mumbai,Email Opened
660410,API,Google,No,No,1,3,78,3,Unreachable,India,International Business,Unemployed,High in Relevance,Potential Lead,Mumbai,Unreachable
660402,Landing Page Submission,Direct Traffic,No,No,1,7,1174,3.5,Email Opened,India,Human Resource Management,Unemployed,Might be,Select,Mumbai,Email Opened
660374,API,Google,No,No,0,3,88,1.5,Email Opened,India,Select,Unemployed,Not Sure,Select,Select,Modified
660361,API,Referral Sites,No,No,0,4,223,2,Page Visited on Website,India,Select,Unemployed,Low in Relevance,Select,Select,Modified
660339,API,Organic Search,No,No,0,3,74,1.5,Email Opened,India,,,,,,Modified
660333,Landing Page Submission,Organic Search,No,No,1,4,16,2,Page Visited on Website,India,E-COMMERCE,Unemployed,Might be,Potential Lead,Mumbai,Modified
660321,API,Referral Sites,No,No,1,3,98,3,Email Opened,India,Human Resource Management,Unemployed,High in Relevance,Potential Lead,Thane & Outskirts,Modified
660312,Landing Page Submission,Google,No,No,0,4,1622,4,Unreachable,India,Operations Management,Unemployed,Might be,Select,Mumbai,Modified
660267,Landing Page Submission,Google,No,No,1,5,563,5,Email Opened,India,Finance Management,Working Professional,Low in Relevance,Potential Lead,Mumbai,Email Opened
660255,API,Google,No,No,0,2,310,2,Email Link Clicked,India,Select,Unemployed,Not Sure,Select,Select,Email Link Clicked
660236,Landing Page Submission,Google,No,No,1,4,25,4,Email Opened,India,Operations Management,Unemployed,High in Relevance,Potential Lead,Other Cities of Maharashtra,Email Opened
660235,API,Direct Traffic,No,No,0,3,342,3,Email Opened,India,Select,Unemployed,,Select,Select,Email Opened
660222,Landing Page Submission,Organic Search,Yes,No,0,7,38,7,Unsubscribed,India,Retail Management,Unemployed,Not Sure,Other Leads,Mumbai,Unsubscribed
660215,API,Google,No,No,0,5,199,5,Email Opened,India,Select,Unemployed,,Select,Select,Email Opened
660203,Landing Page Submission,Google,No,No,0,5,222,5,Email Opened,India,Finance Management,,,,Mumbai,Email Opened
660194,Landing Page Submission,Direct Traffic,No,No,0,6,275,3,Email Opened,India,Operations Management,Unemployed,,Select,Mumbai,Email Opened
660180,Landing Page Submission,Google,No,No,0,4,287,2,Email Opened,India,Marketing Management,Unemployed,Might be,Select,Mumbai,Email Opened
660174,Landing Page Submission,Direct Traffic,No,No,0,2,547,2,Email Opened,India,Finance Management,Unemployed,High in Relevance,Potential Lead,Mumbai,Email Opened
660153,API,Olark Chat,No,No,0,0,0,0,Olark Chat Conversation,,,,,,,Modified
660149,API,Google,No,No,0,6,1225,6,Page Visited on Website,India,Supply Chain Management,Unemployed,Worst,Other Leads,Thane & Outskirts,Modified
660128,API,Olark Chat,No,No,0,0,0,0,Olark Chat Conversation,,,,,,,Modified
660087,API,Olark Chat,No,No,1,0,0,0,Email Opened,,Select,Unemployed,Low in Relevance,Potential Lead,Thane & Outskirts,Modified
660070,Landing Page Submission,Google,No,No,0,5,160,5,Email Opened,India,Business Administration,Unemployed,,Select,Mumbai,Email Opened
660069,Landing Page Submission,Organic Search,No,No,0,6,394,2,Unreachable,India,E-COMMERCE,Unemployed,Might be,Select,Mumbai,Modified
660050,API,Google,No,No,0,6,286,1.5,Olark Chat Conversation,India,,,,,,Modified
660048,API,Organic Search,No,No,0,7,96,2.33,Email Opened,India,,,,,,Email Opened
660030,API,Organic Search,No,No,0,2,12,2,Email Opened,India,Select,Unemployed,,Select,Select,Email Opened
659998,Landing Page Submission,Referral Sites,No,No,1,13,436,13,Form Submitted on Website,India,IT Projects Management,Unemployed,Low in Relevance,Potential Lead,Other Metro Cities,Modified
659963,API,Referral Sites,No,No,1,8,903,8,Page Visited on Website,India,Finance Management,Unemployed,High in Relevance,Potential Lead,Other Cities of Maharashtra,Page Visited on Website
659942,Landing Page Submission,Organic Search,No,No,0,17,409,8.5,Email Opened,India,Human Resource Management,Unemployed,,Select,Mumbai,Modified
659937,Landing Page Submission,Referral Sites,No,No,0,11,685,5.5,Email Opened,India,Services Excellence,Unemployed,Not Sure,Select,Thane & Outskirts,Email Opened
659931,API,Google,No,No,0,4,213,4,Form Submitted on Website,India,International Business,Unemployed,Not Sure,Other Leads,Mumbai,Modified
659925,API,Olark Chat,No,No,0,0,0,0,Email Opened,,Select,Unemployed,,Select,Select,Email Opened
659918,API,Organic Search,No,No,1,7,1468,3.5,Page Visited on Website,India,Marketing Management,Unemployed,High in Relevance,Potential Lead,Mumbai,Modified
659896,API,Olark Chat,No,No,0,0,0,0,Email Link Clicked,,,,,,,Modified
659889,Landing Page Submission,Direct Traffic,No,No,1,4,1435,4,Email Opened,India,Operations Management,Working Professional,Might be,Potential Lead,Other Cities,Email Opened
659875,Landing Page Submission,Google,No,No,1,1,157,1,Converted to Lead,India,Hospitality Management,Unemployed,Might be,Select,Other Cities of Maharashtra,Modified
659853,API,Google,No,No,1,3,885,1.5,Had a Phone Conversation,India,Operations Management,Unemployed,High in Relevance,Potential Lead,Mumbai,Had a Phone Conversation
659849,API,Olark Chat,No,No,1,0,0,0,Email Opened,,Select,Unemployed,Low in Relevance,Potential Lead,Other Cities of Maharashtra,Modified
659833,API,Olark Chat,No,No,0,0,0,0,View in browser link Clicked,,Finance Management,Unemployed,Low in Relevance,Other Leads,Select,Modified
659830,API,Olark Chat,No,No,0,0,0,0,Olark Chat Conversation,,Select,Unemployed,,Select,Select,Modified
659819,Landing Page Submission,Direct Traffic,No,No,0,1,1710,1,Converted to Lead,India,Retail Management,Unemployed,Worst,Potential Lead,Thane & Outskirts,Modified
659820,Landing Page Submission,Direct Traffic,No,No,0,4,219,4,Email Opened,India,Business Administration,Unemployed,,Select,Mumbai,Email Opened
659806,Landing Page Submission,Referral Sites,Yes,No,0,3,111,3,Email Bounced,India,International Business,Unemployed,Not Sure,Select,Other Metro Cities,Modified
659784,API,Organic Search,No,No,0,6,224,6,Page Visited on Website,India,Select,Unemployed,Not Sure,Select,Select,Modified
659782,Landing Page Submission,Direct Traffic,No,No,0,5,224,1.67,Page Visited on Website,India,Operations Management,,,,Other Cities of Maharashtra,Page Visited on Website
659779,Landing Page Submission,Direct Traffic,No,No,1,2,1071,2,Email Opened,India,Marketing Management,Unemployed,Not Sure,Select,Other Cities of Maharashtra,Email Opened
659727,Landing Page Submission,Google,No,No,1,6,595,3,Email Opened,India,"Banking, Investment And Insurance",Working Professional,Low in Relevance,Potential Lead,Mumbai,Email Opened
659722,Lead Add Form,Welingak Website,No,No,1,,1096,,,,Select,Unemployed,,Select,Select,Modified
659720,API,Referral Sites,No,No,0,4,520,4,Email Opened,India,Operations Management,Unemployed,,Select,Mumbai,Email Opened
659710,Lead Add Form,Reference,No,No,1,,705,,,,Hospitality Management,Working Professional,Low in Relevance,Potential Lead,Thane & Outskirts,Modified
659708,API,Google,No,No,0,2,393,2,Email Opened,India,Select,Unemployed,Not Sure,Other Leads,Select,Email Opened
659705,Lead Add Form,Welingak Website,No,No,1,,346,,,,Select,Unemployed,,Select,Select,Modified
659704,API,Olark Chat,No,No,1,0,0,0,Email Link Clicked,,Operations Management,Working Professional,Might be,Potential Lead,Select,Email Link Clicked
659700,API,Olark Chat,No,No,0,0,0,0,Olark Chat Conversation,,,,,,,Modified
659696,Landing Page Submission,Google,No,No,1,3,1136,3,Page Visited on Website,India,IT Projects Management,Unemployed,Might be,Select,Mumbai,Modified
659685,API,Referral Sites,No,No,0,3,335,3,Email Opened,India,Select,Unemployed,,Select,Select,Modified
659676,API,Referral Sites,No,No,0,4,75,4,Email Opened,India,Select,Unemployed,,Select,Select,Email Opened
659644,Landing Page Submission,Direct Traffic,No,No,0,6,97,3,Email Opened,Kuwait,Supply Chain Management,,,,Mumbai,Email Opened
659631,Lead Add Form,Reference,No,No,1,,1007,,,,Human Resource Management,Unemployed,High in Relevance,Lateral Student,Mumbai,Modified
659630,Landing Page Submission,Organic Search,No,No,0,2,1085,2,Converted to Lead,India,Rural and Agribusiness,Unemployed,,Select,Other Cities of Maharashtra,Modified
659614,API,Organic Search,No,No,0,3,214,3,Page Visited on Website,India,Select,Unemployed,,Select,Select,Modified
659607,API,Olark Chat,No,No,1,6,1158,1.5,Email Opened,India,Business Administration,Unemployed,,Select,Other Cities,Email Opened
659600,Landing Page Submission,Google,No,No,0,4,101,4,Email Opened,India,Finance Management,,,,Mumbai,Email Opened
659582,Landing Page Submission,Google,No,No,0,9,838,4.5,Email Opened,India,Healthcare Management,,,,Mumbai,Email Opened
659567,Landing Page Submission,Direct Traffic,No,No,0,3,536,3,Unreachable,India,Finance Management,Unemployed,Not Sure,Select,Mumbai,Modified
659562,Landing Page Submission,Direct Traffic,No,No,0,4,161,2,Unreachable,India,Marketing Management,Unemployed,Not Sure,Select,Select,Unreachable
659555,Landing Page Submission,Google,No,No,0,2,511,2,Form Submitted on Website,India,Healthcare Management,Unemployed,,Select,Mumbai,Modified
659545,API,Olark Chat,No,No,0,0,0,0,Olark Chat Conversation,,Select,Unemployed,,Select,Select,Modified
659523,API,Google,No,No,1,5,1110,5,Olark Chat Conversation,India,Human Resource Management,Working Professional,Might be,Potential Lead,Select,Modified
659507,Landing Page Submission,Direct Traffic,No,No,1,5,1563,5,Email Opened,India,Finance Management,Unemployed,High in Relevance,Potential Lead,Mumbai,Email Opened
659492,API,Referral Sites,No,No,0,7,1633,3.5,Converted to Lead,India,Select,Unemployed,,Select,Select,Modified
659480,API,Olark Chat,No,No,1,0,0,0,Email Opened,,Select,Unemployed,,Select,Select,Modified
659474,Landing Page Submission,Google,No,No,0,12,809,4,Unreachable,India,Finance Management,,,,Mumbai,Modified
659469,Landing Page Submission,Direct Traffic,No,No,0,2,638,2,Page Visited on Website,Oman,Healthcare Management,Unemployed,,Select,Mumbai,Modified
659463,API,Google,No,No,1,5,1196,5,Page Visited on Website,India,Select,Unemployed,,Select,Select,Modified
659447,Landing Page Submission,Organic Search,No,No,0,6,1485,6,Email Opened,India,Supply Chain Management,Unemployed,,Select,Other Cities,Email Opened
659438,API,Google,No,No,0,9,125,3,Page Visited on Website,India,,,,,,Modified
659437,API,Google,No,No,1,3,165,3,Olark Chat Conversation,India,Select,Unemployed,,Select,Select,Modified
659411,Landing Page Submission,Google,No,No,0,6,398,3,Olark Chat Conversation,India,E-COMMERCE,,,,Mumbai,Olark Chat Conversation
659407,API,Organic Search,No,No,0,3,570,3,Converted to Lead,India,,,,,,Modified
659395,Landing Page Submission,Organic Search,No,No,1,6,895,6,Email Opened,India,Operations Management,Unemployed,Might be,Dual Specialization Student,Other Cities of Maharashtra,Email Opened
659371,Landing Page Submission,Google,No,No,1,4,1190,4,Email Opened,India,Human Resource Management,Unemployed,Might be,Select,Mumbai,Email Opened
659369,Lead Add Form,Reference,No,No,1,0,0,0,Email Link Clicked,,Business Administration,Working Professional,High in Relevance,Potential Lead,Select,Email Link Clicked
659366,API,Direct Traffic,No,No,0,5,1566,5,Converted to Lead,India,Select,Unemployed,,Select,Select,Modified
659364,API,Google,No,No,1,5,727,5,Email Opened,India,Select,Unemployed,High in Relevance,Dual Specialization Student,Thane & Outskirts,Email Opened
659357,Landing Page Submission,Google,No,No,0,8,652,4,Unreachable,India,Hospitality Management,Unemployed,,Select,Mumbai,Modified
659345,API,Organic Search,No,No,0,4,1248,1.33,Email Opened,India,,,,,,Email Opened
659334,API,Google,No,No,0,2,767,2,Email Opened,India,Select,Unemployed,Worst,Student of SomeSchool,Select,Modified
659293,API,Referral Sites,No,No,0,10,275,3.33,Page Visited on Website,India,Select,Unemployed,,Select,Select,Page Visited on Website
659287,API,Organic Search,No,No,0,3,273,3,Converted to Lead,India,Select,Unemployed,,Select,Select,Modified
659283,Lead Add Form,Reference,No,No,1,,1111,,,,Marketing Management,Working Professional,Low in Relevance,Potential Lead,Other Cities,Modified
659281,Landing Page Submission,Google,No,No,0,8,277,4,Email Opened,India,Finance Management,,,,Mumbai,Email Opened
659263,API,Organic Search,No,No,1,3,1207,1.5,Olark Chat Conversation,India,Select,Unemployed,,Select,Select,Modified
659248,API,Google,No,No,0,2,39,1,Converted to Lead,India,,,,,,Modified
659244,Landing Page Submission,Google,No,No,0,4,1638,4,Email Opened,India,Finance Management,Unemployed,Not Sure,Select,Mumbai,Email Opened
659241,API,Referral Sites,No,No,0,16,53,16,Olark Chat Conversation,India,,,,,,Modified
659238,Landing Page Submission,Direct Traffic,No,No,0,1,127,1,Converted to Lead,India,Finance Management,Unemployed,,Select,Mumbai,Modified
659221,Landing Page Submission,Organic Search,Yes,No,0,5,100,5,Page Visited on Website,India,Supply Chain Management,Unemployed,,Select,Mumbai,Modified
659217,Landing Page Submission,Google,Yes,No,0,4,323,4,Unsubscribed,India,International Business,,,,Mumbai,Unsubscribed
659203,API,Google,No,No,1,2,160,1,Olark Chat Conversation,India,Select,Unemployed,,Select,Select,Modified
659191,Lead Add Form,Reference,No,No,1,0,0,0,Email Opened,,Marketing Management,Businessman,High in Relevance,Potential Lead,Select,Modified
659182,API,Google,No,No,0,1,263,1,Converted to Lead,India,Select,Unemployed,Not Sure,Other Leads,Select,Modified
659170,API,Google,No,No,0,2,1218,2,Olark Chat Conversation,India,Select,Unemployed,,Select,Select,Modified
659158,Lead Add Form,Reference,No,No,1,,986,,,,Marketing Management,Working Professional,High in Relevance,Potential Lead,Select,Modified
659153,Lead Add Form,Welingak Website,No,No,1,,889,,,,Select,Unemployed,,Select,Select,Modified
659146,Landing Page Submission,Google,No,No,1,5,1091,5,Unreachable,India,Finance Management,Unemployed,High in Relevance,Potential Lead,Mumbai,Unreachable
659142,Landing Page Submission,Direct Traffic,No,No,0,4,291,4,Olark Chat Conversation,India,Supply Chain Management,,,,Other Cities,Modified
659141,Lead Add Form,Reference,No,No,1,0,0,0,Email Opened,,Hospitality Management,Unemployed,High in Relevance,Potential Lead,Thane & Outskirts,Modified
659138,API,Google,Yes,No,0,1,1759,1,Olark Chat Conversation,India,Select,Unemployed,,Select,Select,Olark Chat Conversation
659132,Landing Page Submission,Referral Sites,No,No,0,7,41,3.5,Email Opened,India,Services Excellence,,,,Mumbai,Email Opened
659123,Landing Page Submission,Google,No,No,0,5,386,5,Email Opened,India,Business Administration,Unemployed,,Select,Thane & Outskirts,Modified
659117,API,Referral Sites,No,No,0,6,216,2,Page Visited on Website,India,,,,,,Page Visited on Website
659106,Landing Page Submission,Google,No,No,1,5,1603,5,Email Opened,India,Operations Management,Unemployed,High in Relevance,Potential Lead,Mumbai,Email Opened
659094,Landing Page Submission,google,No,No,0,7,106,3.5,Page Visited on Website,India,Select,,,,Other Cities,Modified
659079,API,Google,No,No,0,2,73,2,Unreachable,India,Select,Unemployed,Not Sure,Select,Select,Modified
659076,API,Google,No,No,0,2,77,2,Converted to Lead,,Select,Unemployed,,Select,Select,Modified
659074,Landing Page Submission,Direct Traffic,No,No,0,3,718,3,Unreachable,India,Hospitality Management,,,,Thane & Outskirts,Modified
659069,Landing Page Submission,Google,No,No,0,5,432,1.67,Olark Chat Conversation,India,Marketing Management,,,,Mumbai,Olark Chat Conversation
659057,Landing Page Submission,Google,No,No,0,5,232,2.5,Email Opened,India,Human Resource Management,Unemployed,Might be,Other Leads,Other Cities,Email Opened
659050,Landing Page Submission,Direct Traffic,No,No,0,2,702,2,Email Opened,India,Hospitality Management,Unemployed,,Select,Other Cities,Email Opened
659038,Landing Page Submission,Organic Search,No,No,1,5,614,5,Unreachable,India,Finance Management,Unemployed,Low in Relevance,Potential Lead,Thane & Outskirts,Unreachable
659036,Landing Page Submission,Direct Traffic,No,No,1,1,1808,1,Converted to Lead,India,IT Projects Management,,,,Thane & Outskirts,Modified
659016,Landing Page Submission,Direct Traffic,Yes,No,0,2,234,1,Email Bounced,India,Finance Management,Unemployed,Not Sure,Select,Mumbai,Modified
659013,Landing Page Submission,Direct Traffic,No,No,0,3,245,3,Unreachable,India,Finance Management,Unemployed,Might be,Select,Thane & Outskirts,Modified
658983,Landing Page Submission,Organic Search,No,No,1,8,1268,4,Email Opened,India,Operations Management,Unemployed,,Select,Mumbai,Email Opened
658976,Landing Page Submission,Google,No,No,0,2,56,2,Email Bounced,India,Select,Unemployed,,Select,Mumbai,Modified
658932,API,Referral Sites,No,No,0,4,174,2,Email Link Clicked,India,Select,Unemployed,,Select,Select,Modified
658917,Landing Page Submission,Direct Traffic,No,No,0,4,1149,2,Email Opened,India,Select,Unemployed,,Select,Mumbai,Email Opened
658888,Landing Page Submission,Direct Traffic,No,No,0,2,333,2,Email Opened,India,E-COMMERCE,,,,Other Cities,Email Opened
658856,API,Organic Search,No,No,0,7,471,2.33,Email Opened,India,Select,Unemployed,,Select,Select,Email Opened
658852,Landing Page Submission,Direct Traffic,No,No,1,3,1010,3,Email Opened,India,Supply Chain Management,Unemployed,Might be,Select,Other Metro Cities,Email Opened
658831,API,Olark Chat,No,No,1,10,1815,3.33,Had a Phone Conversation,India,Operations Management,Unemployed,High in Relevance,Potential Lead,Other Cities of Maharashtra,Had a Phone Conversation
658828,Landing Page Submission,Direct Traffic,No,No,0,2,47,2,Email Link Clicked,India,Business Administration,Unemployed,,Select,Other Cities,Email Link Clicked
658826,Landing Page Submission,Direct Traffic,No,No,1,3,1528,1.5,Email Opened,India,Operations Management,Unemployed,Might be,Select,Other Cities,Modified
658793,Landing Page Submission,Google,No,No,1,6,919,6,Email Opened,India,Finance Management,Unemployed,High in Relevance,Potential Lead,Mumbai,Email Opened
658779,API,Organic Search,No,No,0,10,194,5,Email Link Clicked,India,Media and Advertising,Unemployed,,Select,Mumbai,Modified
658773,API,Organic Search,No,No,0,1,1173,1,Converted to Lead,India,Select,Unemployed,,Select,Select,Modified
658766,API,Google,No,No,0,2,351,2,Email Opened,India,Select,Unemployed,Might be,Select,Select,Email Opened
658756,Landing Page Submission,Referral Sites,No,No,0,12,493,12,Email Link Clicked,India,Marketing Management,,,,Thane & Outskirts,Email Link Clicked
658744,Landing Page Submission,Direct Traffic,No,No,0,3,381,1.5,Page Visited on Website,India,Operations Management,Unemployed,Not Sure,Select,Thane & Outskirts,Page Visited on Website
658714,API,Referral Sites,No,No,0,2,1944,2,Email Opened,India,,,,,,Email Opened
658689,Landing Page Submission,Google,No,No,0,5,65,5,Unreachable,India,Human Resource Management,Unemployed,Might be,Select,Thane & Outskirts,Modified
658686,API,Organic Search,No,No,0,7,1334,7,Email Opened,India,Business Administration,,,,Mumbai,Modified
658677,API,Google,No,No,0,7,615,7,Form Submitted on Website,India,"Banking, Investment And Insurance",,,,Thane & Outskirts,Modified
658675,Lead Add Form,Reference,No,No,1,0,0,0,Email Opened,,Finance Management,Working Professional,Low in Relevance,Potential Lead,Mumbai,Email Opened
658656,API,Google,No,No,0,1,250,1,Email Bounced,India,Select,Unemployed,,Select,Select,Modified
658652,Landing Page Submission,Direct Traffic,No,No,0,2,383,2,Email Link Clicked,India,Business Administration,,,,Other Metro Cities,Email Link Clicked
658648,Lead Add Form,Welingak Website,No,No,1,,1240,,,,Select,Unemployed,Low in Relevance,Potential Lead,Mumbai,Modified
658634,Lead Add Form,Reference,No,No,1,0,0,0,Email Opened,,"Banking, Investment And Insurance",Working Professional,Might be,Potential Lead,Select,Email Opened
658627,Lead Add Form,Welingak Website,No,No,1,,458,,,,Select,Unemployed,,Select,Select,Modified
658623,Lead Add Form,Welingak Website,No,No,1,,1060,,,,Select,Unemployed,,Select,Select,Modified
658620,API,Olark Chat,No,No,0,0,0,0,Email Opened,,Select,Unemployed,,Select,Select,Modified
658618,API,Referral Sites,No,No,0,4,904,4,Olark Chat Conversation,,Select,Unemployed,,Select,Select,Modified
658612,API,Google,No,No,0,1,164,1,Converted to Lead,India,,,,,,Modified
658606,API,Google,No,No,0,2,1793,2,Converted to Lead,India,Select,Unemployed,,Select,Select,Modified
658597,API,Organic Search,No,No,0,5,1841,5,Olark Chat Conversation,India,Select,Unemployed,,Select,Select,Modified
658571,API,Organic Search,No,No,1,8,877,2.67,Email Link Clicked,India,"Banking, Investment And Insurance",Unemployed,Might be,Potential Lead,Select,Email Link Clicked
658561,Lead Add Form,Reference,No,No,1,0,0,0,Unreachable,,Retail Management,Unemployed,High in Relevance,Potential Lead,Mumbai,Modified
658546,Landing Page Submission,Organic Search,No,No,1,12,1411,6,Email Opened,India,Finance Management,Unemployed,Might be,Select,Other Cities,Email Opened
658531,API,Organic Search,No,No,1,6,385,6,Converted to Lead,India,Select,Unemployed,Low in Relevance,Potential Lead,Thane & Outskirts,Modified
658527,API,Olark Chat,No,No,0,0,0,0,Olark Chat Conversation,,,,,,,Modified
658481,API,Google,No,No,0,12,68,1.71,Page Visited on Website,India,Media and Advertising,,,,Mumbai,Modified
658470,API,Olark Chat,No,No,0,0,0,0,Olark Chat Conversation,,,,,,,Modified
658458,Landing Page Submission,Google,No,No,0,3,192,3,Email Opened,India,International Business,,,,Thane & Outskirts,Email Opened
658448,Landing Page Submission,Google,No,No,0,5,309,5,Olark Chat Conversation,India,Finance Management,,,,Mumbai,Modified
658432,Lead Add Form,Reference,No,No,1,,785,,Approached upfront,,Select,Unemployed,Might be,Select,Select,Modified
658430,API,Organic Search,No,No,0,4,342,4,Email Opened,India,Select,Unemployed,,Select,Select,Modified
658421,API,Google,No,No,0,2,78,1,Email Opened,India,Select,Unemployed,,Select,Select,Email Opened
658407,API,Olark Chat,No,No,0,0,0,0,Olark Chat Conversation,,,,,,,Modified
658405,API,Olark Chat,No,No,0,0,0,0,Olark Chat Conversation,,,,,,,Modified
658398,API,Organic Search,No,No,1,5,1234,1.67,Email Opened,India,International Business,Student,Low in Relevance,Potential Lead,Thane & Outskirts,Email Opened
658353,API,Organic Search,No,No,0,8,14,8,Olark Chat Conversation,India,Select,Unemployed,Worst,Select,Select,Modified
658323,API,Olark Chat,No,No,0,0,0,0,Olark Chat Conversation,,Select,Unemployed,,Select,Select,Modified
658322,API,Referral Sites,No,No,0,4,77,4,Unreachable,India,Select,Unemployed,,Select,Select,Modified
658321,API,Referral Sites,No,No,1,3,1299,3,Olark Chat Conversation,India,Select,Unemployed,,Select,Select,Modified
658309,Lead Add Form,Reference,No,No,1,0,0,0,Email Opened,,Finance Management,Unemployed,High in Relevance,Potential Lead,Other Cities of Maharashtra,Email Opened
658299,API,Referral Sites,No,No,0,2,457,2,Email Opened,India,Select,Unemployed,,Select,Select,Modified
658288,API,Organic Search,No,No,0,5,358,5,Page Visited on Website,United Arab Emirates,Select,Unemployed,Not Sure,Select,Select,Modified
658281,Landing Page Submission,Direct Traffic,No,No,0,3,481,3,Email Link Clicked,India,"Banking, Investment And Insurance",,,,Other Cities,Email Link Clicked
658278,API,Direct Traffic,No,No,0,2,205,2,Olark Chat Conversation,India,Select,Unemployed,,Select,Select,Modified
658277,Landing Page Submission,Direct Traffic,No,No,1,1,1106,1,Converted to Lead,India,Finance Management,Unemployed,Might be,Select,Other Cities,Modified
658264,Landing Page Submission,Direct Traffic,No,No,1,9,1953,1.8,Email Opened,India,Supply Chain Management,Unemployed,Might be,Select,Thane & Outskirts,Modified
658258,Lead Add Form,Reference,No,No,1,,1070,,,,Marketing Management,Unemployed,High in Relevance,Potential Lead,Other Cities,Modified
658243,Lead Add Form,Reference,No,No,1,0,0,0,Email Opened,,Select,Unemployed,Might be,Select,Select,Email Opened
658234,Landing Page Submission,Google,No,No,0,5,207,2.5,Form Submitted on Website,India,Finance Management,,,,Mumbai,Modified
658231,Landing Page Submission,Direct Traffic,No,No,1,2,1587,2,Email Opened,India,E-COMMERCE,Unemployed,Might be,Select,Other Cities,Email Opened
658222,Landing Page Submission,Direct Traffic,No,No,1,2,1509,2,Email Opened,India,E-Business,Unemployed,Worst,Select,Mumbai,Modified
658220,API,Organic Search,No,No,0,4,331,4,Unreachable,India,Select,Unemployed,Might be,Select,Select,Modified
658206,Landing Page Submission,Direct Traffic,No,No,0,4,187,4,Email Link Clicked,India,Human Resource Management,Unemployed,,Select,Mumbai,Modified
658203,API,Organic Search,No,No,1,3,1407,1.5,Converted to Lead,India,Human Resource Management,Unemployed,Might be,Select,Select,Modified
658193,Lead Add Form,Reference,No,No,1,0,0,0,Email Opened,,Finance Management,Working Professional,High in Relevance,Lateral Student,Select,Modified
658188,Landing Page Submission,Google,No,No,0,1,123,1,Converted to Lead,India,Select,Unemployed,Might be,Other Leads,Other Cities,Modified
658178,API,Organic Search,No,No,0,1,100,1,Converted to Lead,India,Select,Unemployed,,Select,Select,Modified
658142,Landing Page Submission,Direct Traffic,No,No,1,9,1164,4.5,Email Opened,India,Healthcare Management,Unemployed,Might be,Select,Mumbai,Email Opened
658107,API,Olark Chat,No,No,0,0,0,0,Email Opened,,,,,,,Email Opened
658089,Landing Page Submission,Direct Traffic,No,No,1,1,1362,1,Unreachable,India,Rural and Agribusiness,Unemployed,Might be,Select,Other Cities of Maharashtra,Modified
658081,API,Direct Traffic,No,No,0,7,1051,3.5,Olark Chat Conversation,India,,,,,,Modified
658071,Landing Page Submission,Google,No,No,0,2,1816,2,Converted to Lead,India,Select,Unemployed,,Select,Thane & Outskirts,Modified
658070,Landing Page Submission,Direct Traffic,No,No,0,7,74,2.33,Unreachable,India,Finance Management,Unemployed,Not Sure,Select,Mumbai,Modified
658063,API,Organic Search,No,No,0,13,54,6.5,Email Opened,India,Select,Unemployed,Not Sure,Select,Select,Email Opened
658048,Landing Page Submission,Direct Traffic,No,No,1,3,1183,3,Email Opened,India,Finance Management,,,,Thane & Outskirts,Email Opened
658029,Landing Page Submission,Direct Traffic,No,No,0,3,66,3,Email Opened,India,IT Projects Management,Unemployed,Not Sure,Other Leads,Thane & Outskirts,Email Opened
658023,API,Olark Chat,No,No,0,3,1122,1.5,Email Opened,,,,,,,Email Opened
658017,Landing Page Submission,Organic Search,No,No,0,6,135,6,Email Opened,India,Supply Chain Management,Unemployed,Might be,Select,Mumbai,Email Opened
658011,Landing Page Submission,Direct Traffic,No,No,0,9,307,1.8,Olark Chat Conversation,India,E-Business,,,,Mumbai,Modified
657995,Landing Page Submission,Organic Search,No,No,0,12,28,6,Email Opened,India,International Business,Unemployed,Might be,Select,Other Cities,Email Opened
657990,API,Olark Chat,No,No,0,0,0,0,Email Opened,,Select,Unemployed,,Select,Select,Email Opened
657971,Landing Page Submission,google,No,No,0,5,306,5,Page Visited on Website,India,Select,,,,Other Cities,Modified
657968,Landing Page Submission,Direct Traffic,No,No,1,7,116,7,Email Opened,India,Human Resource Management,Unemployed,Low in Relevance,Select,Mumbai,Email Opened
657951,Landing Page Submission,Direct Traffic,No,No,0,2,1054,2,Email Opened,India,Human Resource Management,Unemployed,Not Sure,Select,Mumbai,Email Opened
657941,API,Organic Search,No,No,1,3,195,3,Converted to Lead,India,Operations Management,Unemployed,Might be,Select,Select,Modified
657920,API,Olark Chat,No,No,0,0,0,0,Olark Chat Conversation,,,,,,,Modified
657905,Landing Page Submission,Google,No,No,1,3,732,3,Email Opened,India,Operations Management,Working Professional,Might be,Select,Thane & Outskirts,Email Opened
657902,API,Olark Chat,No,No,0,7,1130,2.33,Page Visited on Website,United States,Human Resource Management,Unemployed,,Select,Mumbai,Modified
657899,API,Organic Search,No,No,0,13,594,4.33,Had a Phone Conversation,India,Select,Unemployed,Not Sure,Select,Select,Modified
657887,API,Organic Search,No,No,0,5,1117,5,Email Opened,India,,,,,,Email Opened
657882,API,Referral Sites,No,No,0,14,354,14,Unreachable,India,Select,Unemployed,Might be,Select,Select,Modified
657879,API,Google,No,No,0,3,217,3,Unreachable,India,Select,Unemployed,Might be,Select,Select,Modified
657828,API,Olark Chat,No,No,0,0,0,0,Olark Chat Conversation,,Select,Unemployed,,Select,Select,Modified
657823,API,Direct Traffic,No,No,1,5,1837,2.5,Email Opened,India,Finance Management,Unemployed,High in Relevance,Potential Lead,Thane & Outskirts,Email Opened
657821,Landing Page Submission,Google,No,No,0,1,302,1,Converted to Lead,India,Human Resource Management,,,,Thane & Outskirts,Modified
657803,Landing Page Submission,Google,No,No,0,6,32,6,Page Visited on Website,India,Human Resource Management,,,,Mumbai,Modified
657777,Landing Page Submission,Direct Traffic,No,No,0,1,1226,1,Converted to Lead,India,Human Resource Management,Unemployed,Not Sure,Select,Tier II Cities,Modified
657754,Landing Page Submission,Google,No,No,0,4,144,4,Email Opened,India,Operations Management,,,,Other Cities of Maharashtra,Email Opened
657741,API,Organic Search,No,No,1,2,631,1,Olark Chat Conversation,India,Select,Unemployed,,Select,Select,Modified
657731,Landing Page Submission,Direct Traffic,No,No,1,1,891,1,Converted to Lead,,Operations Management,Student,Low in Relevance,Potential Lead,Other Cities of Maharashtra,Modified
657717,API,Olark Chat,No,No,0,0,0,0,Olark Chat Conversation,,Select,Unemployed,,Select,Select,Modified
657703,API,Google,No,No,0,3,235,3,Email Opened,India,,,,,,Email Opened
657697,Landing Page Submission,Google,No,No,0,2,453,2,Email Link Clicked,India,Services Excellence,,,,Mumbai,Modified
657691,API,Referral Sites,No,No,0,3,60,1.5,Page Visited on Website,India,Select,Unemployed,,Select,Select,Page Visited on Website
657686,Lead Add Form,Welingak Website,No,No,1,0,0,0,Email Opened,,Select,Unemployed,,Select,Select,Modified
657676,API,Organic Search,No,No,0,9,96,4.5,Page Visited on Website,India,Select,Unemployed,,Select,Select,Modified
657660,Lead Add Form,Welingak Website,No,No,1,0,0,0,Email Opened,,Select,Unemployed,,Select,Select,Email Opened
657655,API,Olark Chat,No,No,0,0,0,0,Olark Chat Conversation,,,,,,,Modified
657644,API,Referral Sites,No,No,1,11,825,11,Olark Chat Conversation,India,Finance Management,Working Professional,Low in Relevance,Potential Lead,Thane & Outskirts,Modified
657643,API,Olark Chat,No,No,0,0,0,0,Olark Chat Conversation,,,,,,,Olark Chat Conversation
657620,API,Direct Traffic,No,No,0,11,10,5.5,Page Visited on Website,India,Select,Unemployed,,Select,Select,Page Visited on Website
657611,Lead Add Form,Reference,No,No,1,,1704,,,,Select,Unemployed,Might be,Select,Select,Modified
657609,API,Organic Search,No,No,1,3,1154,1,Olark Chat Conversation,India,Select,Unemployed,,Select,Select,Modified
657590,Lead Add Form,Reference,No,No,1,,1262,,,,Operations Management,Unemployed,High in Relevance,Potential Lead,Other Cities of Maharashtra,Modified
657586,Lead Add Form,Reference,No,No,1,0,0,0,Email Opened,,"Banking, Investment And Insurance",Working Professional,Might be,Potential Lead,Select,Email Opened
657572,Landing Page Submission,Referral Sites,No,No,1,6,104,3,Email Opened,India,Human Resource Management,Unemployed,,Select,Other Metro Cities,Email Opened
657510,API,Google,No,No,0,3,331,3,Email Opened,India,,,,,,Email Opened
657502,Landing Page Submission,Google,No,No,0,5,294,2.5,Email Opened,India,Healthcare Management,Unemployed,Not Sure,Select,Mumbai,Email Opened
657500,API,Organic Search,No,No,0,5,345,5,Email Opened,Australia,,,,,,Email Opened
657480,API,Google,No,No,0,2,172,2,Olark Chat Conversation,India,,,,,,Modified
657477,Landing Page Submission,Google,No,No,1,4,228,4,Email Opened,India,"Banking, Investment And Insurance",Unemployed,Low in Relevance,Potential Lead,Thane & Outskirts,Email Opened
657470,Landing Page Submission,Organic Search,No,No,0,5,26,5,Email Opened,India,Hospitality Management,,,,Thane & Outskirts,Email Opened
657452,API,Olark Chat,No,No,0,0,0,0,Olark Chat Conversation,,,,,,,Modified
657436,API,Referral Sites,No,No,0,4,436,4,Email Link Clicked,India,,,,,,Email Link Clicked
657426,Landing Page Submission,google,No,No,0,5,1008,5,Page Visited on Website,India,Select,,,,,Modified
657423,Landing Page Submission,Referral Sites,No,No,0,17,71,3.4,Unreachable,India,Select,Unemployed,Might be,Select,Other Cities of Maharashtra,Modified
657421,Landing Page Submission,Google,No,No,0,8,43,8,Olark Chat Conversation,India,Human Resource Management,Unemployed,Might be,Other Leads,Mumbai,Modified
657390,Landing Page Submission,Google,No,No,0,4,294,4,Email Opened,India,E-Business,Unemployed,Not Sure,Select,Mumbai,Email Opened
657388,API,Organic Search,No,No,0,2,1528,1,Olark Chat Conversation,India,,,,,,Modified
657386,API,Olark Chat,No,No,0,0,0,0,Olark Chat Conversation,,,,,,,Olark Chat Conversation
657385,API,Olark Chat,No,No,0,0,0,0,Email Opened,,,,,,,Email Opened
657381,API,Referral Sites,No,No,0,1,213,1,Converted to Lead,India,Select,Unemployed,Not Sure,Other Leads,Select,Modified
657379,Landing Page Submission,Organic Search,No,No,1,4,31,1.33,Email Opened,India,Operations Management,Working Professional,Might be,Potential Lead,Other Cities,Email Opened
657356,API,Google,No,No,0,3,389,3,Email Opened,India,,,,,,Email Opened
657327,API,Olark Chat,No,No,0,0,0,0,Olark Chat Conversation,,,,,,,Modified
657318,API,Google,No,No,0,4,97,4,Olark Chat Conversation,India,,,,,,Modified
657316,Landing Page Submission,Direct Traffic,No,No,0,13,194,13,Email Opened,India,Marketing Management,,,,Mumbai,Email Opened
657313,Landing Page Submission,Direct Traffic,No,No,1,2,526,2,Form Submitted on Website,United States,Human Resource Management,Unemployed,Not Sure,Potential Lead,Select,Modified
657311,API,Google,No,No,0,10,11,10,View in browser link Clicked,India,,,,,,Modified
657302,API,Organic Search,No,No,0,5,297,2.5,Email Link Clicked,India,,,,,,Email Link Clicked
657295,Landing Page Submission,Direct Traffic,No,No,0,4,174,4,Email Opened,India,Human Resource Management,Unemployed,Not Sure,Select,Mumbai,Email Opened
657267,Landing Page Submission,Organic Search,No,No,0,4,12,4,Page Visited on Website,India,"Banking, Investment And Insurance",Unemployed,Might be,Select,Other Cities,Modified
657261,Landing Page Submission,Direct Traffic,No,No,1,5,254,1.25,Email Opened,India,Finance Management,Unemployed,,Select,Mumbai,Email Opened
657247,Lead Add Form,Reference,No,No,1,,803,,,,Human Resource Management,Unemployed,Low in Relevance,Potential Lead,Mumbai,Modified
657226,API,Olark Chat,No,No,0,0,0,0,Olark Chat Conversation,,,,,,,Modified
657225,Landing Page Submission,Google,No,No,1,4,595,4,Page Visited on Website,India,"Banking, Investment And Insurance",Unemployed,Not Sure,Select,Thane & Outskirts,Modified
657224,API,Referral Sites,No,No,0,7,250,2.33,Email Opened,India,,,,,,Email Opened
657220,Landing Page Submission,Google,No,No,0,11,1189,11,Email Opened,India,Human Resource Management,Unemployed,Not Sure,Select,Mumbai,Email Opened
657186,Landing Page Submission,Google,No,No,0,5,73,5,Email Opened,India,IT Projects Management,Unemployed,Might be,Select,Mumbai,Email Opened
657183,Landing Page Submission,Direct Traffic,No,No,0,3,491,3,Email Opened,India,E-Business,Working Professional,Low in Relevance,Potential Lead,Mumbai,Modified
657174,API,Google,Yes,No,1,7,1281,1.75,Email Bounced,India,Select,Unemployed,Might be,Select,Select,Email Bounced
657148,API,Organic Search,No,No,1,3,117,3,Olark Chat Conversation,India,Select,Unemployed,Might be,Select,Select,Modified
657142,API,Google,No,No,0,5,1493,1.67,Email Opened,India,,,,,,Email Opened
657139,Landing Page Submission,Google,No,No,1,5,263,2.5,Email Opened,India,Marketing Management,Unemployed,Might be,Select,Mumbai,Email Opened
657138,API,Google,No,No,0,7,207,3.5,Email Opened,India,,,,,,Email Opened
657123,Landing Page Submission,Google,No,No,0,4,67,4,Page Visited on Website,India,"Banking, Investment And Insurance",Unemployed,Not Sure,Select,Mumbai,Modified
657117,API,Referral Sites,No,No,0,6,866,3,Email Opened,United Kingdom,Select,Unemployed,,Select,Select,Email Opened
657101,Landing Page Submission,Organic Search,No,No,0,6,419,6,Unreachable,India,Supply Chain Management,Unemployed,Not Sure,Select,Mumbai,Modified
657092,API,Organic Search,No,No,0,11,188,5.5,Email Link Clicked,India,,,,,,Email Link Clicked
657077,API,Google,No,No,0,2,362,2,Email Link Clicked,India,Select,Unemployed,,Select,Select,Modified
657073,Landing Page Submission,Google,No,No,0,3,199,3,Form Submitted on Website,India,Human Resource Management,Unemployed,Might be,Select,Mumbai,Modified
657045,API,Google,No,No,1,10,556,5,Olark Chat Conversation,India,Finance Management,Unemployed,Might be,Select,Mumbai,Modified
657038,API,Referral Sites,No,No,1,5,1536,5,Email Opened,India,Human Resource Management,Working Professional,Low in Relevance,Potential Lead,Thane & Outskirts,Email Opened
657033,API,Google,No,No,1,4,1088,4,Page Visited on Website,India,Supply Chain Management,Working Professional,High in Relevance,Potential Lead,Mumbai,Modified
657032,Landing Page Submission,Referral Sites,No,No,1,6,863,6,Email Opened,India,Operations Management,Unemployed,Low in Relevance,Potential Lead,Thane & Outskirts,Email Opened
657031,Landing Page Submission,Direct Traffic,Yes,No,0,4,1410,4,Email Bounced,India,Marketing Management,Unemployed,,Select,Select,Modified
657014,API,Organic Search,Yes,No,0,8,76,8,Email Bounced,India,,,,,,Modified
657010,API,Olark Chat,No,No,0,0,0,0,Email Opened,,,,,,,Email Opened
657002,Landing Page Submission,Direct Traffic,No,No,0,6,209,3,Page Visited on Website,India,Healthcare Management,Unemployed,Not Sure,Select,Other Cities of Maharashtra,Modified
656976,Landing Page Submission,Google,No,No,0,5,58,5,Email Opened,India,Finance Management,Unemployed,Not Sure,Select,Mumbai,Email Opened
656962,API,Google,No,No,0,6,90,2,Page Visited on Website,India,Select,Unemployed,Not Sure,Select,Select,Modified
656948,API,Organic Search,No,No,1,7,950,2.33,Email Opened,India,Human Resource Management,Unemployed,Might be,Potential Lead,Select,Email Opened
656945,API,Olark Chat,No,No,0,0,0,0,Email Opened,,Healthcare Management,Unemployed,Low in Relevance,Potential Lead,Other Cities,Modified
656939,Landing Page Submission,Google,No,No,0,8,149,2,Olark Chat Conversation,India,Finance Management,,,,Mumbai,Olark Chat Conversation
656938,Landing Page Submission,Direct Traffic,No,No,0,4,3,4,Olark Chat Conversation,India,International Business,Unemployed,Not Sure,Select,Other Cities,Modified
656911,Landing Page Submission,Direct Traffic,No,No,1,7,901,7,Email Opened,India,Marketing Management,Unemployed,Low in Relevance,Potential Lead,Mumbai,Email Opened
656900,API,Olark Chat,No,No,0,0,0,0,Olark Chat Conversation,,Select,Unemployed,,Select,Select,Modified
656896,API,Referral Sites,No,No,0,6,110,3,Email Link Clicked,India,,,,,,Email Link Clicked
656887,API,Olark Chat,No,No,0,0,0,0,Email Opened,,,,,,,Email Opened
656880,Lead Add Form,Reference,No,No,1,0,0,0,Email Opened,,"Banking, Investment And Insurance",Unemployed,High in Relevance,Potential Lead,Mumbai,Email Opened
656875,API,Google,No,No,0,3,445,3,Email Link Clicked,India,Select,Unemployed,,Select,Select,Modified
656859,Landing Page Submission,Google,No,No,0,7,1939,2.33,Email Opened,India,Media and Advertising,Unemployed,Not Sure,Select,Mumbai,Email Opened
656852,API,Olark Chat,No,No,0,0,0,0,Olark Chat Conversation,,Select,Unemployed,,Select,Select,Modified
656833,API,Google,No,No,0,3,199,1.5,Email Opened,India,"Banking, Investment And Insurance",Unemployed,Low in Relevance,Potential Lead,Thane & Outskirts,Modified
656795,API,Direct Traffic,No,No,0,1,633,1,Converted to Lead,India,,,,,,Modified
656789,API,Google,No,No,0,4,457,2,Email Opened,India,,,,,,Modified
656778,API,Referral Sites,No,No,0,4,86,4,Olark Chat Conversation,India,,,,,,Modified
656776,Landing Page Submission,Google,No,No,0,7,57,2.33,Email Opened,India,Business Administration,,,,Mumbai,Email Opened
656754,API,Olark Chat,No,No,0,0,0,0,Email Opened,,Select,Unemployed,,Select,Select,Modified
656743,Landing Page Submission,Organic Search,No,No,1,21,1113,2.63,Email Opened,India,Operations Management,Unemployed,Low in Relevance,Select,Mumbai,Email Opened
656729,API,Referral Sites,No,No,0,4,237,4,Email Opened,India,,,,,,Email Opened
656723,Landing Page Submission,Google,No,No,0,2,43,2,Form Submitted on Website,India,Finance Management,Unemployed,,Potential Lead,Mumbai,Modified
656715,Lead Add Form,Reference,No,No,1,,43,,,,Media and Advertising,Unemployed,,Potential Lead,Mumbai,Modified
656698,API,Olark Chat,No,No,0,0,0,0,Olark Chat Conversation,,Select,Unemployed,,Select,Select,Modified
656685,Lead Add Form,Google,No,No,1,0,0,0,Email Opened,,Supply Chain Management,Unemployed,High in Relevance,Lateral Student,Thane & Outskirts,Email Opened
656682,API,Olark Chat,No,No,0,0,0,0,Olark Chat Conversation,,Select,Unemployed,,Select,Select,Modified
656681,API,Organic Search,No,No,0,2,1366,2,Olark Chat Conversation,India,,,,,,Modified
656668,Lead Add Form,Reference,No,No,1,0,0,0,Email Link Clicked,,Human Resource Management,Unemployed,Low in Relevance,Potential Lead,Mumbai,Email Link Clicked
656665,API,Organic Search,No,No,0,3,124,3,Converted to Lead,India,,,,,,Modified
656660,API,Google,No,No,0,2,135,2,Email Opened,India,,,,,,Email Opened
656644,Landing Page Submission,Referral Sites,No,No,1,5,1216,2.5,Email Opened,Bahrain,International Business,Working Professional,Might be,Select,Other Cities,Email Opened
656621,Landing Page Submission,Direct Traffic,No,No,0,3,35,3,Email Opened,India,Human Resource Management,Unemployed,,Select,Mumbai,Email Opened
656594,API,Olark Chat,No,No,1,0,0,0,Unreachable,,Finance Management,Unemployed,Low in Relevance,Potential Lead,Other Cities,Unreachable
656589,Landing Page Submission,Google,No,No,0,4,157,4,Email Opened,India,Operations Management,,,,Other Cities of Maharashtra,Email Opened
656586,API,Olark Chat,No,No,0,0,0,0,Olark Chat Conversation,,Select,Unemployed,Not Sure,Other Leads,Select,Modified
656580,API,Referral Sites,No,No,0,3,170,1.5,Email Opened,India,,,,,,Email Opened
656576,API,Organic Search,No,No,0,4,71,4,Olark Chat Conversation,India,,,,,,Modified
656571,Landing Page Submission,Organic Search,No,No,0,5,811,5,Email Opened,India,Operations Management,,,,Mumbai,Email Opened
656563,Lead Add Form,Reference,No,No,1,,972,,,,Healthcare Management,Working Professional,Low in Relevance,Potential Lead,Mumbai,Modified
656560,API,Referral Sites,No,No,0,10,278,5,Page Visited on Website,India,,,,,,Page Visited on Website
656559,API,Olark Chat,No,No,0,0,0,0,Email Opened,,,,,,,Email Opened
656527,API,Referral Sites,No,No,0,5,809,5,Page Visited on Website,India,,,,,,Modified
656526,API,Olark Chat,No,No,0,0,0,0,Olark Chat Conversation,,,,,,,Olark Chat Conversation
656516,Lead Add Form,Reference,No,No,1,,781,,,,Supply Chain Management,Unemployed,Low in Relevance,Potential Lead,Mumbai,Modified
656511,Landing Page Submission,Google,No,No,1,4,1226,4,Email Opened,India,Finance Management,Unemployed,Low in Relevance,Potential Lead,Mumbai,Email Opened
656504,Landing Page Submission,Google,No,No,0,5,1469,2.5,Email Link Clicked,India,Rural and Agribusiness,,,,Mumbai,Email Link Clicked
656493,API,Referral Sites,No,No,0,5,253,1.67,Email Opened,India,,,,,,Email Opened
656492,Lead Add Form,Welingak Website,No,No,1,0,0,0,Email Opened,,Human Resource Management,Unemployed,High in Relevance,Lateral Student,Mumbai,Modified
656483,Landing Page Submission,Organic Search,No,No,1,4,1378,4,Had a Phone Conversation,India,Human Resource Management,Unemployed,Might be,Select,Select,Modified
656481,API,Referral Sites,No,No,0,10,66,10,Email Opened,India,Select,Unemployed,Not Sure,Select,Select,Modified
656478,Landing Page Submission,Google,No,No,0,4,372,4,Page Visited on Website,India,Human Resource Management,,,,Mumbai,Modified
656469,API,Organic Search,No,No,1,3,1636,1.5,Page Visited on Website,India,,,,,,Page Visited on Website
656463,API,Google,No,No,0,2,376,2,Email Opened,India,,,,,,Email Opened
656457,Landing Page Submission,Google,No,No,1,1,214,1,Converted to Lead,India,Supply Chain Management,Unemployed,,Select,Other Cities,Modified
656448,API,Olark Chat,No,No,0,0,0,0,Olark Chat Conversation,,,,,,,Modified
656413,API,Olark Chat,Yes,No,0,0,0,0,Olark Chat Conversation,,,,,,,Modified
656412,Landing Page Submission,Organic Search,No,No,0,8,93,8,Email Opened,India,E-COMMERCE,,,,Other Cities,Email Opened
656402,API,Olark Chat,No,No,0,0,0,0,Email Opened,,,,,,,Email Opened
656400,Landing Page Submission,Direct Traffic,No,No,0,3,365,3,Email Opened,India,IT Projects Management,Unemployed,,Select,Mumbai,Email Opened
656399,Landing Page Submission,Google,No,No,1,6,274,2,Email Opened,India,Marketing Management,Unemployed,Might be,Select,Mumbai,Email Opened
656385,API,Referral Sites,No,No,0,4,179,4,Email Opened,India,,,,,,Email Opened
656382,Landing Page Submission,Google,No,No,0,15,753,15,Unreachable,India,"Banking, Investment And Insurance",Unemployed,Might be,Select,Mumbai,Modified
656381,Landing Page Submission,Direct Traffic,No,No,0,3,1346,3,Email Opened,India,Human Resource Management,,,,Other Cities of Maharashtra,Email Opened
656378,API,Google,No,No,0,7,277,3.5,Email Opened,India,,,,,,Email Opened
656362,API,Google,No,No,0,2,90,2,Email Opened,India,,,,,,Email Opened
656359,API,Olark Chat,No,No,0,0,0,0,Olark Chat Conversation,,Select,Unemployed,,Select,Select,Modified
656356,Landing Page Submission,Google,No,No,1,9,1289,2.25,Email Opened,India,IT Projects Management,Working Professional,High in Relevance,Potential Lead,Mumbai,Email Opened
656354,API,Referral Sites,No,No,0,8,246,2.67,Email Opened,India,,,,,,Email Opened
656345,Landing Page Submission,Google,No,No,0,11,116,3.67,Page Visited on Website,India,Marketing Management,,,,Other Cities of Maharashtra,Page Visited on Website
656340,API,Olark Chat,No,No,0,0,0,0,Email Opened,,,,,,,Email Opened
656331,Landing Page Submission,Google,No,No,1,5,472,5,Had a Phone Conversation,India,Marketing Management,Unemployed,Might be,Select,Mumbai,Had a Phone Conversation
656327,API,Google,No,No,0,2,395,1,Email Opened,India,,,,,,Email Opened
656276,API,Olark Chat,No,No,0,0,0,0,Unreachable,,,,,,,Unreachable
656271,API,Olark Chat,No,No,0,0,0,0,Email Opened,,,,,,,Modified
656265,Landing Page Submission,Direct Traffic,Yes,No,1,4,1354,4,Unsubscribed,India,Business Administration,Unemployed,Might be,Select,Mumbai,Unsubscribed
656259,Landing Page Submission,Organic Search,No,No,1,5,1102,5,Email Opened,India,Human Resource Management,Unemployed,Low in Relevance,Select,Mumbai,Email Opened
656233,API,Olark Chat,No,No,0,0,0,0,Olark Chat Conversation,,Select,Unemployed,,Select,Select,Modified
656231,API,Google,No,No,0,2,1268,2,Email Opened,India,Select,Unemployed,Not Sure,Select,Select,Email Opened
656213,API,Organic Search,No,No,1,5,1354,2.5,Email Opened,India,Select,Unemployed,Might be,Select,Select,Modified
656184,API,Referral Sites,No,No,1,3,1561,1.5,Had a Phone Conversation,India,Select,Unemployed,Might be,Select,Select,Modified
656176,Landing Page Submission,Google,No,No,1,10,1128,1.43,Email Opened,India,Marketing Management,Unemployed,High in Relevance,Potential Lead,Mumbai,Email Opened
656126,API,Organic Search,No,No,1,4,1341,2,Email Opened,India,Select,Unemployed,Worst,Select,Select,Email Opened
656120,Landing Page Submission,Google,No,No,0,2,250,2,Form Submitted on Website,India,Marketing Management,,,,Thane & Outskirts,Modified
656096,API,Organic Search,No,No,0,2,250,2,Email Opened,India,Select,Unemployed,Might be,Select,Select,Email Opened
656078,API,Organic Search,No,No,0,2,248,2,Email Opened,Ghana,,,,,,Email Opened
656072,Landing Page Submission,Direct Traffic,Yes,No,0,2,402,2,Unsubscribed,United States,Media and Advertising,Unemployed,Not Sure,Select,Other Metro Cities,Unsubscribed
656049,API,Referral Sites,No,No,0,1,235,1,Converted to Lead,India,Select,Unemployed,Not Sure,Select,Select,Modified
656036,API,Organic Search,No,No,0,6,125,3,Email Opened,India,Select,Unemployed,Not Sure,Select,Select,Email Opened
656031,API,Organic Search,No,No,0,2,236,2,Converted to Lead,India,Select,Unemployed,Not Sure,Select,Select,Modified
656030,API,Referral Sites,No,No,0,9,110,9,Email Opened,India,Select,Unemployed,Not Sure,Select,Select,Email Opened
656015,API,Organic Search,Yes,No,0,7,265,3.5,Email Bounced,India,Select,Unemployed,Might be,Select,Select,Email Bounced
655953,Landing Page Submission,Google,No,No,0,7,109,7,Email Opened,India,Marketing Management,Unemployed,Might be,Select,Mumbai,Email Opened
655949,Landing Page Submission,Google,No,No,0,3,98,3,Email Opened,India,"Banking, Investment And Insurance",Unemployed,,Select,Mumbai,Modified
655940,Landing Page Submission,Referral Sites,No,No,0,7,315,3.5,Email Opened,Singapore,Operations Management,,,,Other Metro Cities,Email Opened
655936,API,Google,No,No,0,2,339,2,Unreachable,India,Media and Advertising,Unemployed,Not Sure,Select,Mumbai,Modified
655916,Landing Page Submission,Direct Traffic,No,No,0,3,211,3,Email Opened,India,Marketing Management,Unemployed,Not Sure,Select,Mumbai,Email Opened
655899,Landing Page Submission,Direct Traffic,No,No,1,2,703,2,Email Opened,India,Finance Management,Unemployed,Might be,Select,Mumbai,Email Opened
655889,Landing Page Submission,Organic Search,No,No,0,13,408,6.5,Email Opened,India,Hospitality Management,Unemployed,,Select,Mumbai,Email Opened
655886,API,Referral Sites,No,No,0,11,366,3.67,Email Opened,India,Select,Unemployed,Low in Relevance,Potential Lead,Thane & Outskirts,Modified
655798,Landing Page Submission,Organic Search,Yes,No,0,5,106,5,Unreachable,United Kingdom,Travel and Tourism,Unemployed,Not Sure,Select,Mumbai,Modified
655793,Landing Page Submission,Google,No,No,1,2,1099,2,SMS Sent,India,Select,Unemployed,Might be,Select,Mumbai,Modified
655782,API,Organic Search,No,No,0,11,306,11,Page Visited on Website,India,Services Excellence,,,,Thane & Outskirts,Modified
655777,API,Google,No,No,0,9,290,3,Page Visited on Website,India,Operations Management,,,,Thane & Outskirts,Page Visited on Website
655772,API,Organic Search,No,No,0,11,220,11,Page Visited on Website,India,Operations Management,Unemployed,Might be,Select,Thane & Outskirts,Modified
655766,Landing Page Submission,Google,No,No,1,8,235,8,Email Opened,India,Marketing Management,Unemployed,Low in Relevance,Potential Lead,Mumbai,Modified
655736,Landing Page Submission,Direct Traffic,No,No,0,6,25,3,Email Opened,India,Operations Management,,,,Other Cities,Email Opened
655723,API,Organic Search,No,No,0,7,463,3.5,Unreachable,India,Select,Unemployed,Might be,Select,Select,Modified
655719,Landing Page Submission,Direct Traffic,No,No,0,2,398,2,Email Opened,Qatar,Human Resource Management,Unemployed,Not Sure,Select,Other Cities,Email Opened
655694,API,Organic Search,No,No,0,3,623,3,Email Opened,India,Select,Unemployed,Not Sure,Select,Select,Email Opened
655685,Landing Page Submission,Google,No,No,0,4,281,4,Email Opened,India,Marketing Management,Unemployed,Might be,Select,Mumbai,Email Opened
655682,Landing Page Submission,Direct Traffic,No,No,0,3,46,3,Email Link Clicked,India,Finance Management,Unemployed,Not Sure,Select,Mumbai,Email Link Clicked
655666,API,Olark Chat,No,No,0,0,0,0,Olark Chat Conversation,,Select,Unemployed,Worst,Potential Lead,Select,Modified
655665,Landing Page Submission,Google,No,No,1,9,1468,9,Page Visited on Website,India,E-Business,Unemployed,Low in Relevance,Potential Lead,Mumbai,Modified
655661,Landing Page Submission,Organic Search,Yes,No,0,5,615,2.5,Email Bounced,India,Rural and Agribusiness,Unemployed,Not Sure,Select,Other Cities,Email Bounced
655658,API,Google,No,No,0,6,424,3,Email Opened,India,,,,,,Modified
655639,Landing Page Submission,Google,No,No,0,4,3,4,Email Opened,India,Supply Chain Management,,,,Other Cities of Maharashtra,Email Opened
655628,API,Referral Sites,No,No,0,3,64,3,Email Opened,India,Select,Unemployed,,Select,Select,Modified
655578,Landing Page Submission,Direct Traffic,No,No,1,2,107,2,Email Opened,India,E-Business,Unemployed,Might be,Potential Lead,Other Cities,Email Opened
655569,API,Referral Sites,No,No,0,3,150,1.5,Email Opened,India,,,,,,Email Opened
655557,Landing Page Submission,Google,No,No,0,5,663,5,Unreachable,Australia,Operations Management,Unemployed,Might be,Select,Mumbai,Modified
655552,Lead Add Form,Reference,No,No,1,0,0,0,SMS Sent,,"Banking, Investment And Insurance",Working Professional,Might be,Potential Lead,Select,Modified
655541,Lead Add Form,Welingak Website,No,No,1,0,0,0,SMS Sent,,Select,Unemployed,,Select,Select,Modified
655522,Lead Add Form,Reference,No,No,1,0,0,0,Email Opened,,Operations Management,Working Professional,High in Relevance,Potential Lead,Select,Email Opened
655520,Lead Add Form,Welingak Website,No,No,1,0,0,0,Olark Chat Conversation,,Select,Unemployed,,Select,Select,Olark Chat Conversation
655510,API,Organic Search,No,No,0,3,185,3,Converted to Lead,India,Marketing Management,Unemployed,Might be,Other Leads,Select,Modified
655497,Landing Page Submission,Direct Traffic,No,No,0,8,321,4,Email Opened,India,Business Administration,Unemployed,,Select,Mumbai,Email Opened
655496,Landing Page Submission,Google,No,No,1,4,1357,4,SMS Sent,India,IT Projects Management,Unemployed,Might be,Select,Thane & Outskirts,Modified
655492,Landing Page Submission,Direct Traffic,No,No,0,4,1447,4,SMS Sent,India,Operations Management,,,,Other Metro Cities,Modified
655457,Lead Add Form,Reference,No,No,1,1,990,1,Page Visited on Website,,Marketing Management,Student,Low in Relevance,Potential Lead,Mumbai,Page Visited on Website
655450,API,Google,No,No,0,2,44,2,Page Visited on Website,India,,,,,,Page Visited on Website
655437,API,Referral Sites,No,No,0,2,56,2,Olark Chat Conversation,India,,,,,,Modified
655429,Landing Page Submission,Google,No,No,0,3,1412,3,SMS Sent,India,Finance Management,Unemployed,Not Sure,Select,Mumbai,Modified
655427,API,Google,No,No,0,2,374,1,Email Opened,India,,,,,,Modified
655423,Landing Page Submission,Google,No,No,1,4,746,4,Email Opened,India,Human Resource Management,Working Professional,Low in Relevance,Lateral Student,Mumbai,Email Opened
655406,Lead Add Form,Welingak Website,No,No,1,0,0,0,SMS Sent,,Select,Unemployed,,Select,Select,Modified
655405,API,Google,No,No,0,2,175,2,Page Visited on Website,India,,,,,,Page Visited on Website
655404,Landing Page Submission,Direct Traffic,No,No,0,4,365,2,Email Opened,India,Finance Management,,,,Thane & Outskirts,Email Opened
655403,API,Google,No,No,0,2,102,2,Email Opened,India,,,,,,Email Opened
655382,API,Referral Sites,No,No,0,4,248,2,Olark Chat Conversation,United States,,,,,,Modified
655379,Landing Page Submission,Google,No,No,0,6,351,6,Email Opened,India,E-COMMERCE,,,,Other Cities of Maharashtra,Modified
655375,Landing Page Submission,Google,No,No,1,3,267,3,SMS Sent,India,Finance Management,Unemployed,Might be,Select,Thane & Outskirts,Modified
655371,Landing Page Submission,Google,No,No,0,7,238,1.75,Form Submitted on Website,India,Finance Management,,,,Mumbai,Modified
655366,API,Google,No,No,0,2,170,1,Olark Chat Conversation,India,,,,,,Modified
655360,Landing Page Submission,Organic Search,No,No,0,22,59,5.5,Page Visited on Website,India,Human Resource Management,Unemployed,,Select,Mumbai,Page Visited on Website
655352,Lead Add Form,Reference,No,No,1,,205,,,,Finance Management,Working Professional,High in Relevance,Lateral Student,Select,Modified
655351,Landing Page Submission,Direct Traffic,No,No,0,7,150,7,Email Link Clicked,India,E-COMMERCE,,,,Mumbai,Email Link Clicked
655349,Landing Page Submission,Organic Search,No,No,1,5,1250,5,Email Opened,India,E-COMMERCE,Working Professional,Might be,Select,Other Cities,Email Opened
655342,Landing Page Submission,Organic Search,No,No,0,5,255,2.5,SMS Sent,India,Human Resource Management,,,,Mumbai,Modified
655338,API,Referral Sites,No,No,0,1,153,1,Converted to Lead,United Kingdom,,,,,,Modified
655337,Lead Add Form,Reference,No,No,1,0,0,0,Email Opened,,E-Business,Unemployed,High in Relevance,Potential Lead,Thane & Outskirts,Email Opened
655334,API,Olark Chat,No,No,0,0,0,0,Olark Chat Conversation,,,,,,,Olark Chat Conversation
655323,Landing Page Submission,Google,No,No,0,3,217,3,SMS Sent,India,Supply Chain Management,,,,Thane & Outskirts,Modified
655315,API,Olark Chat,No,No,0,0,0,0,Olark Chat Conversation,,,,,,,Modified
655287,Landing Page Submission,Direct Traffic,No,No,0,2,2,2,Form Submitted on Website,India,Healthcare Management,Unemployed,Low in Relevance,Select,Mumbai,Modified
655281,API,Olark Chat,No,No,0,0,0,0,Email Opened,,,,,,,Email Opened
655277,API,Referral Sites,No,No,0,3,345,1.5,Email Opened,India,,,,,,Email Opened
655270,Lead Add Form,Reference,No,No,1,0,0,0,Email Opened,,Human Resource Management,Unemployed,Low in Relevance,Potential Lead,Thane & Outskirts,Modified
655260,Landing Page Submission,Direct Traffic,Yes,No,0,2,183,2,SMS Sent,Ghana,Human Resource Management,Unemployed,Not Sure,Select,Other Cities,Modified
655256,API,Olark Chat,No,No,0,0,0,0,Olark Chat Conversation,,Select,Unemployed,Worst,Select,Select,Modified
655241,Landing Page Submission,Google,No,No,0,9,181,3,Page Visited on Website,India,Finance Management,Unemployed,,Select,Mumbai,Page Visited on Website
655240,API,Organic Search,No,No,0,3,677,1.5,Email Opened,India,Select,Student,Not Sure,Student of SomeSchool,Select,Modified
655227,API,Google,No,No,0,2,134,2,Email Opened,India,,,,,,Email Opened
655224,Landing Page Submission,Direct Traffic,No,No,0,4,432,4,SMS Sent,India,Media and Advertising,,,,Other Cities of Maharashtra,Modified
655211,API,Olark Chat,No,No,1,0,0,0,Olark Chat Conversation,,Select,Unemployed,Might be,Other Leads,Select,Modified
655206,API,Referral Sites,No,No,0,4,396,2,Email Opened,India,,,,,,Email Opened
655192,Landing Page Submission,Google,No,No,0,4,163,4,Olark Chat Conversation,India,E-Business,,,,Mumbai,Modified
655191,API,Olark Chat,No,No,0,0,0,0,Email Link Clicked,,Select,Unemployed,Not Sure,Select,Select,Email Link Clicked
655175,Lead Add Form,Reference,No,No,1,0,0,0,Email Opened,,Finance Management,Unemployed,Low in Relevance,Potential Lead,Mumbai,Email Opened
655165,Landing Page Submission,Direct Traffic,No,No,1,5,1491,2.5,Email Opened,India,Marketing Management,Working Professional,High in Relevance,Dual Specialization Student,Other Cities of Maharashtra,Email Opened
655162,Landing Page Submission,Direct Traffic,No,No,0,2,13,2,Email Opened,India,"Banking, Investment And Insurance",,,,Mumbai,Email Opened
655160,API,Referral Sites,No,No,0,5,133,5,Olark Chat Conversation,India,,,,,,Modified
655159,Landing Page Submission,Google,No,No,0,4,825,4,Email Opened,India,Operations Management,Unemployed,Not Sure,Select,Mumbai,Email Opened
655156,Landing Page Submission,Direct Traffic,No,No,0,4,217,4,Email Opened,India,Finance Management,,,,Other Cities,Email Opened
655154,API,Olark Chat,No,No,0,0,0,0,Email Opened,,Select,Unemployed,Worst,Other Leads,Select,Modified